Season,Calories
Fall,3.4420425146361864
Spring,2.102368493527954
Summer,3.7993958835121524
Winter,3.0161868858654572
